Unknown,2025-04-15 12:42:53,783.58 ms,1.14 ms
yash1,2025-04-15 12:45:21,407.82 ms,0.75 ms
Unknown,2025-04-15 12:45:22,407.82 ms,259.25 ms
yash,2025-04-15 12:45:29,136.92 ms,0.73 ms
pratik,2025-04-15 12:45:32,222.20 ms,1.23 ms
yash1,2025-04-15 13:20:45,227.43 ms,1.28 ms
Unknown,2025-04-15 13:20:45,227.43 ms,220.55 ms
yash1,2025-04-15 13:31:19,99.08 ms,0.93 ms
Unknown,2025-04-15 13:31:21,201.84 ms,1.80 ms
yash1,2025-04-15 13:48:12,112.25 ms,1.07 ms
Unknown,2025-04-15 13:48:15,182.85 ms,1.10 ms
yash1,2025-04-15 14:42:09
pratik,2025-04-15 14:42:47,250.10 ms,0.97 ms
Unknown,2025-04-15 14:42:47,250.10 ms,364.31 ms
pratik3,2025-04-15 14:42:52,203.23 ms,0.71 ms
yash1,2025-04-15 14:42:54,233.36 ms,0.89 ms
